unknown,2024-05-26 01-12-20
unknown,2024-05-26 01-12-20
bala,2024-05-26 01-12-20
bala,2024-05-26 01-12-20
bala,2024-05-26 01-12-20
bala,2024-05-26 01-12-20
unknown,2024-05-26 01-12-20
unknown,2024-05-26 01-12-20
unknown,2024-05-26 01-12-20
unknown,2024-05-26 01-12-20
bala,2024-05-26 01-12-20
bala,2024-05-26 01-12-20
bala,2024-05-26 01-12-20
bala,2024-05-26 01-12-20
bala,2024-05-26 01-12-20
bala,2024-05-26 01-12-20
bala,2024-05-26 01-12-20
bala,2024-05-26 01-12-20
bala,2024-05-26 01-12-20
bala,2024-05-26 01-12-20
bala,2024-05-26 01-12-20
bala,2024-05-26 01-12-20
bala,2024-05-26 01-12-20
bala,2024-05-26 01-12-20
bala,2024-05-26 01-12-20
bala,2024-05-26 01-12-20
bala,2024-05-26 01-12-20
bala,2024-05-26 01-12-20
bala,2024-05-26 01-12-20
bala,2024-05-26 01-12-20
bala,2024-05-26 01-12-20
bala,2024-05-26 01-12-20
bala,2024-05-26 01-12-20
bala,2024-05-26 01-12-20
bala,2024-05-26 01-12-20
bala,2024-05-26 01-12-20
bala,2024-05-26 01-12-20
bala,2024-05-26 01-12-20
bala,2024-05-26 01-12-20
bala,2024-05-26 01-12-20
bala,2024-05-26 01-12-20
bala,2024-05-26 01-12-20
bala,2024-05-26 01-12-20
bala,2024-05-26 01-12-20
bala,2024-05-26 01-12-20
bala,2024-05-26 01-12-20
bala,2024-05-26 01-12-20
bala,2024-05-26 01-12-20
bala,2024-05-26 01-12-20
bala,2024-05-26 01-12-20
bala,2024-05-26 01-12-20
bala,2024-05-26 01-12-20
bala,2024-05-26 01-12-20
bala,2024-05-26 01-12-20
bala,2024-05-26 01-12-20
bala,2024-05-26 01-12-20
bala,2024-05-26 01-12-20
bala,2024-05-26 01-12-20
bala,2024-05-26 01-12-20
bala,2024-05-26 01-12-20
bala,2024-05-26 01-12-20
bala,2024-05-26 01-12-20
bala,2024-05-26 01-12-20
bala,2024-05-26 01-12-20
bala,2024-05-26 01-12-20
bala,2024-05-26 01-12-20
bala,2024-05-26 01-12-20
bala,2024-05-26 01-12-20
bala,2024-05-26 01-12-20
bala,2024-05-26 01-12-20
bala,2024-05-26 01-12-20
bala,2024-05-26 01-12-20
bala,2024-05-26 01-12-20
bala,2024-05-26 01-12-20
bala,2024-05-26 01-12-20
bala,2024-05-26 01-12-20
bala,2024-05-26 01-12-20
bala,2024-05-26 01-12-20
bala,2024-05-26 01-12-20
bala,2024-05-26 01-12-20
bala,2024-05-26 01-12-20
bala,2024-05-26 01-12-20
bala,2024-05-26 01-12-20
bala,2024-05-26 01-12-20
bala,2024-05-26 01-12-20
bala,2024-05-26 01-12-20
bala,2024-05-26 01-12-20
bala,2024-05-26 01-12-20
bala,2024-05-26 01-12-20
bala,2024-05-26 01-12-20
bala,2024-05-26 01-12-20
bala,2024-05-26 01-12-20
bala,2024-05-26 01-12-20
bala,2024-05-26 01-12-20
bala,2024-05-26 01-12-20
bala,2024-05-26 01-12-20
bala,2024-05-26 01-12-20
bala,2024-05-26 01-12-20
bala,2024-05-26 01-12-20
bala,2024-05-26 01-12-20
bala,2024-05-26 01-12-20
bala,2024-05-26 01-12-20
bala,2024-05-26 01-12-20
bala,2024-05-26 01-12-20
bala,2024-05-26 01-12-20
bala,2024-05-26 01-12-20
bala,2024-05-26 01-12-20
bala,2024-05-26 01-12-20
bala,2024-05-26 01-12-20
bala,2024-05-26 01-12-20
bala,2024-05-26 01-12-20
bala,2024-05-26 01-12-20
bala,2024-05-26 01-12-20
bala,2024-05-26 01-12-20
bala,2024-05-26 01-12-20
bala,2024-05-26 01-12-20
bala,2024-05-26 01-12-20
bala,2024-05-26 01-12-20
bala,2024-05-26 01-12-20
bala,2024-05-26 01-12-20
bala,2024-05-26 01-12-20
bala,2024-05-26 01-12-20
bala,2024-05-26 01-12-20
bala,2024-05-26 01-12-20
bala,2024-05-26 01-12-20
bala,2024-05-26 01-12-20
bala,2024-05-26 01-12-20
bala,2024-05-26 01-12-20
bala,2024-05-26 01-12-20
bala,2024-05-26 01-12-20
bala,2024-05-26 01-12-20
bala,2024-05-26 01-12-20
bala,2024-05-26 01-12-20
bala,2024-05-26 01-12-20
bala,2024-05-26 01-12-20
bala,2024-05-26 01-12-20
bala,2024-05-26 01-12-20
bala,2024-05-26 01-12-20
bala,2024-05-26 01-12-20
bala,2024-05-26 01-12-20
bala,2024-05-26 01-12-20
bala,2024-05-26 01-12-20
bala,2024-05-26 01-12-20
bala,2024-05-26 01-12-20
bala,2024-05-26 01-12-20
bala,2024-05-26 01-12-20
bala,2024-05-26 01-12-20
bala,2024-05-26 01-12-20
bala,2024-05-26 01-12-20
bala,2024-05-26 01-12-20
bala,2024-05-26 01-12-20
bala,2024-05-26 01-12-20
bala,2024-05-26 01-12-20
bala,2024-05-26 01-12-20
bala,2024-05-26 01-12-20
bala,2024-05-26 01-12-20
bala,2024-05-26 01-12-20
bala,2024-05-26 01-12-20
bala,2024-05-26 01-12-20
bala,2024-05-26 01-12-20
bala,2024-05-26 01-12-20
bala,2024-05-26 01-12-20
bala,2024-05-26 01-12-20
bala,2024-05-26 01-12-20
bala,2024-05-26 01-12-20
bala,2024-05-26 01-12-20
bala,2024-05-26 01-12-20
bala,2024-05-26 01-12-20
bala,2024-05-26 01-12-20
unknown,2024-05-26 01-12-20
bala,2024-05-26 01-12-20
unknown,2024-05-26 01-12-20
unknown,2024-05-26 01-12-20
unknown,2024-05-26 01-12-20
bala,2024-05-26 01-12-20
unknown,2024-05-26 01-12-20
unknown,2024-05-26 01-12-20
bala,2024-05-26 01-12-20
unknown,2024-05-26 01-12-20
unknown,2024-05-26 01-12-20
bala,2024-05-26 01-12-20
bala,2024-05-26 01-12-20
bala,2024-05-26 01-12-20
bala,2024-05-26 01-12-20
bala,2024-05-26 01-12-20
bala,2024-05-26 01-12-20
bala,2024-05-26 01-12-20
bala,2024-05-26 01-12-20
bala,2024-05-26 01-12-20
bala,2024-05-26 01-12-20
bala,2024-05-26 01-12-20
bala,2024-05-26 01-12-20
bala,2024-05-26 01-12-20
bala,2024-05-26 01-12-20
bala,2024-05-26 01-12-20
bala,2024-05-26 01-12-20
bala,2024-05-26 01-12-20
bala,2024-05-26 01-12-20
bala,2024-05-26 01-12-20
bala,2024-05-26 01-12-20
bala,2024-05-26 01-12-20
bala,2024-05-26 01-12-20
bala,2024-05-26 01-12-20
bala,2024-05-26 01-12-20
bala,2024-05-26 01-12-20
bala,2024-05-26 01-12-20
bala,2024-05-26 01-12-20
bala,2024-05-26 01-12-20
bala,2024-05-26 01-12-20
bala,2024-05-26 01-12-20
bala,2024-05-26 01-12-20
bala,2024-05-26 01-12-20
bala,2024-05-26 01-12-20
bala,2024-05-26 01-12-20
bala,2024-05-26 01-12-20
bala,2024-05-26 01-12-20
bala,2024-05-26 01-12-20
bala,2024-05-26 01-12-20
bala,2024-05-26 01-12-20
bala,2024-05-26 01-12-20
bala,2024-05-26 01-12-20
bala,2024-05-26 01-12-20
bala,2024-05-26 01-12-20
bala,2024-05-26 01-12-20
bala,2024-05-26 01-12-20
bala,2024-05-26 01-12-20
bala,2024-05-26 01-12-20
bala,2024-05-26 01-12-20
bala,2024-05-26 01-12-20
bala,2024-05-26 01-12-20
bala,2024-05-26 01-12-20
bala,2024-05-26 01-12-20
bala,2024-05-26 01-12-20
bala,2024-05-26 01-12-20
bala,2024-05-26 01-12-20
bala,2024-05-26 01-12-20
bala,2024-05-26 01-12-20
bala,2024-05-26 01-12-20
bala,2024-05-26 01-12-20
bala,2024-05-26 01-12-20
bala,2024-05-26 01-12-20
bala,2024-05-26 01-12-20
bala,2024-05-26 01-12-20
bala,2024-05-26 01-12-20
bala,2024-05-26 01-12-20
bala,2024-05-26 01-12-20
bala,2024-05-26 01-12-20
bala,2024-05-26 01-12-20
bala,2024-05-26 01-12-20
bala,2024-05-26 01-12-20
bala,2024-05-26 01-12-20
bala,2024-05-26 01-12-20
bala,2024-05-26 01-12-20
bala,2024-05-26 01-12-20
bala,2024-05-26 01-12-20
bala,2024-05-26 01-12-20
bala,2024-05-26 01-12-20
bala,2024-05-26 01-12-20
bala,2024-05-26 01-12-20
bala,2024-05-26 01-12-20
bala,2024-05-26 01-12-20
bala,2024-05-26 01-12-20
bala,2024-05-26 01-12-20
bala,2024-05-26 01-12-20
bala,2024-05-26 01-12-20
bala,2024-05-26 01-12-20
bala,2024-05-26 01-12-20
bala,2024-05-26 01-12-20
bala,2024-05-26 01-12-20
bala,2024-05-26 01-12-20
bala,2024-05-26 01-12-20
bala,2024-05-26 01-12-20
bala,2024-05-26 01-12-20
bala,2024-05-26 01-12-20
bala,2024-05-26 01-12-20
bala,2024-05-26 01-12-20
bala,2024-05-26 01-12-20
bala,2024-05-26 01-12-20
bala,2024-05-26 01-12-20
bala,2024-05-26 01-12-20
bala,2024-05-26 01-12-20
bala,2024-05-26 01-12-20
bala,2024-05-26 01-12-20
bala,2024-05-26 01-12-20
bala,2024-05-26 01-12-20
bala,2024-05-26 01-12-20
bala,2024-05-26 01-12-20
bala,2024-05-26 01-12-20
bala,2024-05-26 01-12-20
bala,2024-05-26 01-12-20
bala,2024-05-26 01-12-20
bala,2024-05-26 01-12-20
bala,2024-05-26 01-12-20
bala,2024-05-26 01-12-20
bala,2024-05-26 01-12-20
bala,2024-05-26 01-12-20
bala,2024-05-26 01-12-20
bala,2024-05-26 01-12-20
bala,2024-05-26 01-12-20
bala,2024-05-26 01-12-20
bala,2024-05-26 01-12-20
bala,2024-05-26 01-12-20
bala,2024-05-26 01-12-20
bala,2024-05-26 01-12-20
bala,2024-05-26 01-12-20
bala,2024-05-26 01-12-20
bala,2024-05-26 01-12-20
bala,2024-05-26 01-12-20
bala,2024-05-26 01-12-20
bala,2024-05-26 01-12-20
bala,2024-05-26 01-12-20
bala,2024-05-26 01-12-20
bala,2024-05-26 01-12-20
bala,2024-05-26 01-12-20
bala,2024-05-26 01-12-20
bala,2024-05-26 01-12-20
bala,2024-05-26 01-12-20
bala,2024-05-26 01-12-20
bala,2024-05-26 01-12-20
bala,2024-05-26 01-12-20
bala,2024-05-26 01-12-20
bala,2024-05-26 01-12-20
bala,2024-05-26 01-12-20
bala,2024-05-26 01-12-20
bala,2024-05-26 01-12-20
bala,2024-05-26 01-12-20
bala,2024-05-26 01-12-20
bala,2024-05-26 01-12-20
bala,2024-05-26 01-12-20
bala,2024-05-26 01-12-20
bala,2024-05-26 01-12-20
bala,2024-05-26 01-12-20
bala,2024-05-26 01-12-20
bala,2024-05-26 01-12-20
bala,2024-05-26 01-12-20
bala,2024-05-26 01-12-20
bala,2024-05-26 01-12-20
bala,2024-05-26 01-12-20
bala,2024-05-26 01-12-20
bala,2024-05-26 01-12-20
bala,2024-05-26 01-12-20
bala,2024-05-26 01-12-20
bala,2024-05-26 01-12-20
bala,2024-05-26 01-12-20
bala,2024-05-26 01-12-20
bala,2024-05-26 01-12-20
bala,2024-05-26 01-12-20
bala,2024-05-26 01-12-20
bala,2024-05-26 01-12-20
bala,2024-05-26 01-12-20
bala,2024-05-26 01-12-20
bala,2024-05-26 01-12-20
bala,2024-05-26 01-12-20
bala,2024-05-26 01-12-20
bala,2024-05-26 01-12-20
bala,2024-05-26 01-12-20
bala,2024-05-26 01-12-20
bala,2024-05-26 01-12-20
bala,2024-05-26 01-12-20
bala,2024-05-26 01-12-20
bala,2024-05-26 01-12-20
bala,2024-05-26 01-12-20
bala,2024-05-26 01-12-20
bala,2024-05-26 01-12-20
bala,2024-05-26 01-12-20
bala,2024-05-26 01-12-20
bala,2024-05-26 01-12-20
bala,2024-05-26 01-12-20
bala,2024-05-26 01-12-20
bala,2024-05-26 01-12-20
bala,2024-05-26 01-12-20
bala,2024-05-26 01-12-20
bala,2024-05-26 01-12-20
bala,2024-05-26 01-12-20
bala,2024-05-26 01-12-20
bala,2024-05-26 01-12-20
bala,2024-05-26 01-12-20
bala,2024-05-26 01-12-20
bala,2024-05-26 01-12-20
bala,2024-05-26 01-12-20
bala,2024-05-26 01-12-20
bala,2024-05-26 01-12-20
bala,2024-05-26 01-12-20
bala,2024-05-26 01-12-20
bala,2024-05-26 01-12-20
bala,2024-05-26 01-12-20
bala,2024-05-26 01-12-20
bala,2024-05-26 01-12-20
bala,2024-05-26 01-12-20
bala,2024-05-26 01-12-20
bala,2024-05-26 01-12-20
bala,2024-05-26 01-12-20
bala,2024-05-26 01-12-20
bala,2024-05-26 01-12-20
bala,2024-05-26 01-12-20
bala,2024-05-26 01-12-20
bala,2024-05-26 01-12-20
bala,2024-05-26 01-12-20
bala,2024-05-26 01-12-20
bala,2024-05-26 01-12-20
bala,2024-05-26 01-12-20
bala,2024-05-26 01-12-20
bala,2024-05-26 01-12-20
bala,2024-05-26 01-12-20
bala,2024-05-26 01-12-20
bala,2024-05-26 01-12-20
bala,2024-05-26 01-12-20
bala,2024-05-26 01-12-20
bala,2024-05-26 01-12-20
bala,2024-05-26 01-12-20
bala,2024-05-26 01-12-20
bala,2024-05-26 01-12-20
bala,2024-05-26 01-12-20
bala,2024-05-26 01-12-20
bala,2024-05-26 01-12-20
bala,2024-05-26 01-12-20
bala,2024-05-26 01-12-20
bala,2024-05-26 01-12-20
bala,2024-05-26 01-12-20
bala,2024-05-26 01-12-20
bala,2024-05-26 01-12-20
bala,2024-05-26 01-12-20
bala,2024-05-26 01-12-20
bala,2024-05-26 01-12-20
bala,2024-05-26 01-12-20
bala,2024-05-26 01-12-20
bala,2024-05-26 01-12-20
bala,2024-05-26 01-12-20
bala,2024-05-26 01-12-20
bala,2024-05-26 01-12-20
bala,2024-05-26 01-12-20
bala,2024-05-26 01-12-20
bala,2024-05-26 01-12-20
bala,2024-05-26 01-12-20
bala,2024-05-26 01-12-20
bala,2024-05-26 01-12-20
bala,2024-05-26 01-12-20
bala,2024-05-26 01-12-20
bala,2024-05-26 01-12-20
bala,2024-05-26 01-12-20
bala,2024-05-26 01-12-20
bala,2024-05-26 01-12-20
bala,2024-05-26 01-12-20
bala,2024-05-26 01-12-20
bala,2024-05-26 01-12-20
bala,2024-05-26 01-12-20
bala,2024-05-26 01-12-20
bala,2024-05-26 01-12-20
bala,2024-05-26 01-12-20
bala,2024-05-26 01-12-20
bala,2024-05-26 01-12-20
bala,2024-05-26 01-12-20
bala,2024-05-26 01-12-20
bala,2024-05-26 01-12-20
bala,2024-05-26 01-12-20
bala,2024-05-26 01-12-20
bala,2024-05-26 01-12-20
bala,2024-05-26 01-12-20
bala,2024-05-26 01-12-20
bala,2024-05-26 01-12-20
bala,2024-05-26 01-12-20
bala,2024-05-26 01-12-20
bala,2024-05-26 01-12-20
bala,2024-05-26 01-12-20
bala,2024-05-26 01-12-20
bala,2024-05-26 01-12-20
bala,2024-05-26 01-12-20
bala,2024-05-26 01-12-20
bala,2024-05-26 01-12-20
bala,2024-05-26 01-12-20
bala,2024-05-26 01-12-20
bala,2024-05-26 01-12-20
bala,2024-05-26 01-12-20
bala,2024-05-26 01-12-20
bala,2024-05-26 01-12-20
bala,2024-05-26 01-12-20
bala,2024-05-26 01-12-20
bala,2024-05-26 01-12-20
bala,2024-05-26 01-12-20
bala,2024-05-26 01-12-20
bala,2024-05-26 01-12-20
bala,2024-05-26 01-12-20
bala,2024-05-26 01-12-20
bala,2024-05-26 01-12-20
bala,2024-05-26 01-12-20
bala,2024-05-26 01-12-20
bala,2024-05-26 01-12-20
bala,2024-05-26 01-12-20
bala,2024-05-26 01-12-20
bala,2024-05-26 01-12-20
bala,2024-05-26 01-12-20
bala,2024-05-26 01-12-20
bala,2024-05-26 01-12-20
bala,2024-05-26 01-12-20
bala,2024-05-26 01-12-20
bala,2024-05-26 01-12-20
bala,2024-05-26 01-12-20
bala,2024-05-26 01-12-20
bala,2024-05-26 01-12-20
bala,2024-05-26 01-12-20
bala,2024-05-26 01-12-20
bala,2024-05-26 01-12-20
bala,2024-05-26 01-12-20
bala,2024-05-26 01-12-20
bala,2024-05-26 01-12-20
bala,2024-05-26 01-12-20
bala,2024-05-26 01-12-20
bala,2024-05-26 01-12-20
bala,2024-05-26 01-12-20
bala,2024-05-26 01-12-20
bala,2024-05-26 01-12-20
bala,2024-05-26 01-12-20
bala,2024-05-26 01-12-20
bala,2024-05-26 01-12-20
bala,2024-05-26 01-12-20
bala,2024-05-26 01-12-20
bala,2024-05-26 01-12-20
bala,2024-05-26 01-12-20
bala,2024-05-26 01-12-20
bala,2024-05-26 01-12-20
bala,2024-05-26 01-12-20
bala,2024-05-26 01-12-20
bala,2024-05-26 01-12-20
bala,2024-05-26 01-12-20
bala,2024-05-26 01-12-20
bala,2024-05-26 01-12-20
bala,2024-05-26 01-12-20
bala,2024-05-26 01-12-20
bala,2024-05-26 01-12-20
bala,2024-05-26 01-12-20
bala,2024-05-26 01-12-20
bala,2024-05-26 01-12-20
bala,2024-05-26 01-12-20
bala,2024-05-26 01-12-20
bala,2024-05-26 01-12-20
bala,2024-05-26 01-12-20
bala,2024-05-26 01-12-20
bala,2024-05-26 01-12-20
bala,2024-05-26 01-12-20
bala,2024-05-26 01-12-20
bala,2024-05-26 01-12-20
bala,2024-05-26 01-12-20
bala,2024-05-26 01-12-20
bala,2024-05-26 01-12-20
bala,2024-05-26 01-12-20
bala,2024-05-26 01-12-20
bala,2024-05-26 01-12-20
bala,2024-05-26 01-12-20
bala,2024-05-26 01-12-20
bala,2024-05-26 01-12-20
bala,2024-05-26 01-12-20
bala,2024-05-26 01-12-20
bala,2024-05-26 01-12-20
bala,2024-05-26 01-12-20
bala,2024-05-26 01-12-20
bala,2024-05-26 01-12-20
bala,2024-05-26 01-12-20
bala,2024-05-26 01-12-20
bala,2024-05-26 01-12-20
bala,2024-05-26 01-12-20
bala,2024-05-26 01-12-20
bala,2024-05-26 01-12-20
bala,2024-05-26 01-12-20
bala,2024-05-26 01-12-20
bala,2024-05-26 01-12-20
bala,2024-05-26 01-12-20
bala,2024-05-26 01-12-20
bala,2024-05-26 01-12-20
bala,2024-05-26 01-12-20
bala,2024-05-26 01-12-20
bala,2024-05-26 01-12-20
bala,2024-05-26 01-12-20
bala,2024-05-26 01-12-20
bala,2024-05-26 01-12-20
bala,2024-05-26 01-12-20
bala,2024-05-26 01-12-20
bala,2024-05-26 01-12-20
bala,2024-05-26 01-12-20
bala,2024-05-26 01-12-20
bala,2024-05-26 01-12-20
bala,2024-05-26 01-12-20
bala,2024-05-26 01-12-20
bala,2024-05-26 01-12-20
bala,2024-05-26 01-12-20
bala,2024-05-26 01-12-20
bala,2024-05-26 01-12-20
bala,2024-05-26 01-12-20
bala,2024-05-26 01-12-20
bala,2024-05-26 01-12-20
bala,2024-05-26 01-12-20
bala,2024-05-26 01-12-20
bala,2024-05-26 01-12-20
